sim_time_s,event,state,cid,x,y,yaw,status,path_length_m,duration_s,detail
40.540,PLAN_OK,VALIDATE_PATH,28,,,,,0.57,,
40.740,PLAN_OK,VALIDATE_PATH,36,,,,,1.49,,
40.940,PLAN_OK,VALIDATE_PATH,0,,,,,1.98,,
41.130,PLAN_OK,VALIDATE_PATH,64,,,,,2.61,,
41.330,PLAN_OK,VALIDATE_PATH,40,,,,,3.21,,
41.530,PLAN_OK,VALIDATE_PATH,4,,,,,3.53,,
41.730,PLAN_OK,VALIDATE_PATH,80,,,,,3.49,,
41.930,PLAN_OK,VALIDATE_PATH,68,,,,,3.87,,
42.320,GOAL_SENT,NAVIGATE,28,-3.40,-3.40,0.00,,,,
42.320,GOAL_ACCEPTED,NAVIGATE,28,,,,,,,
69.920,GOAL_RESULT,NAVIGATE,28,,,,SUCCEEDED,,,
73.700,PLAN_OK,VALIDATE_PATH,29,,,,,0.22,,
73.900,PLAN_OK,VALIDATE_PATH,36,,,,,1.80,,
74.090,PLAN_OK,VALIDATE_PATH,0,,,,,1.90,,
74.290,PLAN_OK,VALIDATE_PATH,64,,,,,2.92,,
74.490,PLAN_OK,VALIDATE_PATH,40,,,,,3.45,,
74.690,PLAN_OK,VALIDATE_PATH,4,,,,,3.56,,
74.900,PLAN_OK,VALIDATE_PATH,80,,,,,3.91,,
75.080,PLAN_OK,VALIDATE_PATH,68,,,,,4.22,,
75.460,GOAL_SENT,NAVIGATE,29,-3.40,-3.40,1.57,,,,
75.470,GOAL_ACCEPTED,NAVIGATE,29,,,,,,,
94.600,GOAL_RESULT,NAVIGATE,29,,,,SUCCEEDED,,,
95.140,CLASS_CONFIRMED,OBSERVE,,,,,,,,slowsign
98.310,PLAN_OK,VALIDATE_PATH,30,,,,,0.22,,
98.520,PLAN_OK,VALIDATE_PATH,36,,,,,1.80,,
98.710,PLAN_OK,VALIDATE_PATH,0,,,,,1.90,,
98.900,PLAN_OK,VALIDATE_PATH,64,,,,,2.92,,
99.100,PLAN_OK,VALIDATE_PATH,40,,,,,3.45,,
99.290,PLAN_OK,VALIDATE_PATH,4,,,,,3.56,,
99.490,PLAN_OK,VALIDATE_PATH,80,,,,,3.91,,
99.680,PLAN_OK,VALIDATE_PATH,68,,,,,4.22,,
100.070,GOAL_SENT,NAVIGATE,30,-3.40,-3.40,3.14,,,,
100.080,GOAL_ACCEPTED,NAVIGATE,30,,,,,,,
115.260,GOAL_RESULT,NAVIGATE,30,,,,SUCCEEDED,,,
115.590,CLASS_CONFIRMED,OBSERVE,,,,,,,,orange
118.950,PLAN_OK,VALIDATE_PATH,31,,,,,0.22,,
119.150,PLAN_OK,VALIDATE_PATH,36,,,,,1.80,,
119.350,PLAN_OK,VALIDATE_PATH,0,,,,,1.90,,
119.540,PLAN_OK,VALIDATE_PATH,64,,,,,2.92,,
119.750,PLAN_OK,VALIDATE_PATH,40,,,,,3.45,,
119.960,PLAN_OK,VALIDATE_PATH,4,,,,,3.56,,
120.130,PLAN_OK,VALIDATE_PATH,80,,,,,3.91,,
120.250,PLAN_OK,VALIDATE_PATH,68,,,,,4.22,,
120.620,GOAL_SENT,NAVIGATE,31,-3.40,-3.40,-1.57,,,,
120.630,GOAL_ACCEPTED,NAVIGATE,31,,,,,,,
128.800,GOAL_RESULT,NAVIGATE,31,,,,SUCCEEDED,,,
132.480,PLAN_OK,VALIDATE_PATH,36,,,,,1.80,,
132.700,PLAN_OK,VALIDATE_PATH,0,,,,,1.90,,
132.880,PLAN_OK,VALIDATE_PATH,64,,,,,2.92,,
133.100,PLAN_OK,VALIDATE_PATH,40,,,,,3.45,,
133.270,PLAN_OK,VALIDATE_PATH,4,,,,,3.56,,
133.480,PLAN_OK,VALIDATE_PATH,80,,,,,3.91,,
133.690,PLAN_OK,VALIDATE_PATH,68,,,,,4.22,,
133.890,PLAN_OK,VALIDATE_PATH,92,,,,,6.29,,
134.250,GOAL_SENT,NAVIGATE,36,-1.64,-2.52,0.00,,,,
134.250,GOAL_ACCEPTED,NAVIGATE,36,,,,,,,
194.260,CANCEL_SENT,CANCEL_AND_WAIT,,,,,,,,
194.290,GOAL_RESULT,CANCEL_AND_WAIT,36,,,,CANCELED,,,
194.290,OUTCOME,ABORTED_BY_OPERATOR,,,,,,,,OPERATOR_SHUTDOWN 
